Count of Age,Column Labels,Column1,Column2,,,,,Count of Age,Column Labels,Column1,Column2,Column3,,,,,,,,,,,,,,
Row Labels,Female,Male,Grand Total,,,,,Row Labels,Married,Prefer not to say,Single,Grand Total,,,,,,,,,,,,,,
Negative ,27,44,71,,,,,Negative ,31,5,35,71,,,,,,,,,,,,,,
Positive,139,178,317,,,,,Positive,77,7,233,317,,,,,,,,,,,,,,
Grand Total,166,222,388,,,,,Grand Total,108,12,268,388,,,,,,,,,,,,,,
,,,,,,,,Feedback,Married,Prefer not to say,Single,Grand Total,,,,,,,,,,,,,,
Feedback,Female,Male,Grand Total,CHISQTEST,,,,Negative ,19.7628866,2.195876289,49.04123711,71,CHISQTEST,,,,,,,,,,,,,
Negative ,30.37628866,40.62371134,71,0.370263988,,,,Positive,88.2371134,9.804123711,218.9587629,317,0.00019124,,,,,,,,,,,,,
Positive,135.6237113,181.3762887,317,,,,,Grand Total,108,12,268,388,,,,,,,,,,,,,,
Grand Total,166,222,388,,,,,,,,,,,,,,,,,,,,,,,
,,,,,,,,,,,,,,,,,,,,,,,,,,
,,,,,,,,,,,,,,,,,,,,,,,,,,
Count of Age,Column Labels,Column1,Column2,Column3,Column4,Column5,,Count of Age,Column Labels,Column1,Column2,Column3,Column4,Column5,Column6,Column7,Column8,Column9,Column10,Column11,Column12,Column13,Column14,Column15,Column16,
Row Labels,10001 to 25000,25001 to 50000,Below Rs.10000,More than 50000,No Income,Grand Total,,Row Labels,18,19,20,21,22,23,24,25,26,27,28,29,30,31,32,33,Grand Total,
Negative ,10,21,11,12,17,71,,Negative ,,1,1,5,4,8,8,5,13,3,4,8,5,2,3,1,71,
Positive,35,48,14,50,170,317,,Positive,1,3,8,18,53,65,42,47,22,18,11,6,4,6,13,,317,
Grand Total,45,69,25,62,187,388,CHISQTEST,Grand Total,1,4,9,23,57,73,50,52,35,21,15,14,9,8,16,1,388,
,,,,,,,7.97E-06,,,,,,,,,,,,,,,,,,,
Feedback,10001 to 25000,25001 to 50000,Below Rs.10000,More than 50000,No Income,Grand Total,,Feedback,18,19,20,21,22,23,24,25,26,27,28,29,30,31,32,33,Grand Total,
Negative ,8.234536082,12.62628866,4.574742268,11.34536082,34.21907216,71,,Negative ,0.182989691,0.731958763,1.646907216,4.208762887,10.43041237,13.35824742,9.149484536,9.515463918,6.404639175,3.842783505,2.744845361,2.56185567,1.646907216,1.463917526,2.927835052,0.182989691,71,CHISQTEST
Positive,36.76546392,56.37371134,20.42525773,50.65463918,152.7809278,317,,Positive,0.817010309,3.268041237,7.353092784,18.79123711,46.56958763,59.64175258,40.85051546,42.48453608,28.59536082,17.15721649,12.25515464,11.43814433,7.353092784,6.536082474,13.07216495,0.817010309,317,4.34E-05
Grand Total,45,69,25,62,187,388,,Grand Total,1,4,9,23,57,73,50,52,35,21,15,14,9,8,16,1,388,
